﻿compound_names,smiles
1,OC1=C(C)C(C2=CC3=C(N=C2)NC(C(C(C)=N4)=CC=C4N5CCN(C)CC5)=N3)=C(C)C=C1
2,OC1=CC=C(C)C(C2=CN=C(NC(C3=CN=C(C)N=C3)=C4)C4=C2)=C1C
3,N#CC1=C2C(NC(C3=CN=C(C)N=C3)=C2)=NC=[C@]1[C@]4=C(C)C=CC(O)=C4C
4,N#CC1=C2C(NC(C3=CN=C(N)N=C3)=C2)=NC=[C@]1[C@]4=C(C)C=CC(O)=C4C
D1,N#CC1=C2C(NC(C3=CN=C(N4CCC(CN5CCN(C6=CC7=C(C(N(C(CC8)C(NC8=O)=O)C7=O)=O)C=C6)CC5)CC4)N=C3)=C2)=NC=[C@]1[C@]9=C(C)C=CC(O)=C9C
D2,N#CC1=C2C(NC(C3=CN=C(N4CCC(CN5CCN(C6=CC7=C(C(N(C(CC8)C(NC8=O)=O)C7)=O)C=C6)CC5)CC4)N=C3)=C2)=NC=[C@]1[C@]9=C(C)C=CC(O)=C9C
D3,N#CC1=C2C(NC(C3=CN=C(N4CCC(CN5CCN(C6=C(F)C7=C(C(N(C(CC8)C(NC8=O)=O)C7)=O)C=C6)CC5)CC4)N=C3)=C2)=NC=[C@]1[C@]9=C(C)C=CC(O)=C9C
D4,N#CC1=C2C(NC(C3=CN=C(N4CCC(CN5CCN(C6=C(F)C=C(C(N7C)=C6)N(C(CC8)C(NC8=O)=O)C7=O)CC5)CC4)N=C3)=C2)=NC=[C@]1[C@]9=C(C)C=CC(O)=C9C
D5,N#CC1=C2C(NC(C3=CN=C(N4CCC(CN5CCN(C6=CC7=C(C=C6F)C(N(C(N8)=O)CCC8=O)=NN7C)CC5)CC4)N=C3)=C2)=NC=[C@]1[C@]9=C(C)C=CC(O)=C9C
D6,N#CC1=C2C(NC(C3=CN=C(N4CCC(CN5CCN(C6=CC=C(NC(CC7)C(NC7=O)=O)C=C6F)CC5)CC4)N=C3)=C2)=NC=[C@]1[C@]8=C(C)C=CC(O)=C8C
D12,N#CC1=C2C(NC(C3=CN=C(N(CC4)CCC54CC(CN6CCN(C7=CC=C(NC(CC8)C(NC8=O)=O)C=C7F)CC6)C5)N=C3)=C2)=NC=[C@]1[C@]9=C(C)C=CC(O)=C9C
D13,N#CC1=C2C(NC(C3=CN=C(N4CC5(CC(CN6CCN(C7=CC=C(NC(CC8)C(NC8=O)=O)C=C7F)CC6)C5)C4)N=C3)=C2)=NC=[C@]1[C@]9=C(C)C=CC(O)=C9C
D14,N#CC1=C2C(NC(C3=CN=C(N4CCC(CCN5CCN(C6=CC=C(NC(CC7)C(NC7=O)=O)C=C6F)CC5)CC4)N=C3)=C2)=NC=[C@]1[C@]8=C(C)C=CC(O)=C8C
D15,N#CC1=C2C(NC(C3=CN=C(N4CCC(CN5CCC(C6=CC=C(NC(CC7)C(NC7=O)=O)C=C6F)CC5)CC4)N=C3)=C2)=NC=[C@]1[C@]8=C(C)C=CC(O)=C8C
D16,N#CC1=C2C(NC(C3=CN=C(N(CC4)CCC54CC(N6CCN(C7=CC=C(NC(CC8)C(NC8=O)=O)C=C7F)CC6)CO5)N=C3)=C2)=NC=[C@]1[C@]9=C(C)C=CC(O)=C9C
